siteCode,cityName,cityCode,cityEnName,siteName,siteEnName,countryCode,countryName,countryEnName,siteType
"ZD98074","图木舒克市","659003","Tumxuk","图木舒克唐王城机场","","CN","中国","China","1"
"ZD14077","广州市","440100","Guangzhou","广州白云国际机场","","CN","中国","China","1"
"ZD43777","北京市","110100","Beijing","北京大兴国际机场","","CN","中国","China","1"
"ZD54572","武汉市","420100","Wuhan","武汉天河国际机场","","CN","中国","China","1"
"ZD61559","大连市","210200","Dalian","大连周水子国际机场","","CN","中国","China","1"
"ZD95504","深圳市","440300","Shenzhen","深圳宝安国际机场","","CN","中国","China","1"
"ZD24135","郑州市","410100","Zhengzhou","郑州新郑国际机场","","CN","中国","China","1"
"ZD26484","南宁市","450100","Nanning","南宁吴圩国际机场","","CN","中国","China","1"
"ZD48477","贵阳市","520100","Guiyang","贵阳龙洞堡国际机场","","CN","中国","China","1"
"ZD92587","长沙市","430100","Changsha","长沙黄花国际机场","","CN","中国","China","1"
"ZD10270","珠海市","440400","Zhuhai","珠海金湾机场","","CN","中国","China","1"
"ZD50446","哈尔滨市","230100","Harbin","哈尔滨太平国际机场","","CN","中国","China","1"
"ZD05688","沈阳市","210100","Shenyang","沈阳桃仙国际机场","","CN","中国","China","1"
"ZD42895","三亚市","460200","Sanya","三亚凤凰国际机场","","CN","中国","China","1"
"ZD68952","揭阳市","445200","Jieyang","揭阳潮汕国际机场","","CN","中国","China","1"
"ZD71819","海口市","460100","Haikou","海口美兰国际机场","","CN","中国","China","1"
"ZD77756","南阳市","411300","Nanyang","南阳姜营机场","","CN","中国","China","1"
"ZD76391","青岛市","370200","Qingdao","青岛胶东国际机场","","CN","中国","China","1"
"ZD39250","昆明市","530100","Kunming","昆明长水国际机场","","CN","中国","China","1"
"ZD09525","合肥市","340100","Hefei","合肥新桥国际机场","","CN","中国","China","1"
"ZD53125","成都市","510100","Chengdu","成都天府国际机场","","CN","中国","China","1"
"ZD94423","南昌市","360100","Nanchang","南昌昌北国际机场","","CN","中国","China","1"
"ZD12009","太原市","140100","Taiyuan","太原武宿国际机场","","CN","中国","China","1"
"ZD45596","宁波市","330200","Ningbo","宁波栎社国际机场","","CN","中国","China","1"
"ZD82273","无锡市","320200","Wuxi","苏南硕放国际机场","","CN","中国","China","1"
"ZD44104","上海市","310100","Shanghai","上海浦东国际机场","","CN","中国","China","1"
"ZD47878","上海市","310100","Shanghai","上海虹桥国际机场","","CN","中国","China","1"
"ZD85159","成都市","510100","Chengdu","成都双流国际机场","","CN","中国","China","1"
"ZD09252","北京市","110100","Beijing","北京首都国际机场","","CN","中国","China","1"
"ZD20234","咸阳市","610400","Xianyang ","西安咸阳国际机场","","CN","中国","China","1"
"ZD41743","长春市","220100","Changchun","长春龙嘉国际机场","","CN","中国","China","1"
"ZD54846","福州市","350100","Fuzhou","福州长乐国际机场","","CN","中国","China","1"
"ZD75053","衢州市","330800","Quzhou","衢州机场","","CN","中国","China","1"
"ZD47362","金华市","330700","Jinhua","义乌机场","","CN","中国","China","1"
"ZD71724","台州市","331000","Taizhou","台州路桥机场","","CN","中国","China","1"
"ZD57061","荆州市","421000","Jingzhou","荆州沙市机场","Jingzhou Shashi Airport","CN","中国","China","1"
"ZD22673","巴中市","511900","Bazhong","巴中恩阳机场","","CN","中国","China","1"
"ZD03496","张家界市","430800","Zhangjiajie ","张家界荷花国际机场","","CN","中国","China","1"
"ZD82364","唐山市","130200","Tangshan","唐山三女河机场","","CN","中国","China","1"
"ZD79684","黄山市","341000","Huangshan","黄山屯溪国际机场","","CN","中国","China","1"
"ZD69098","襄阳市","420600","","襄阳刘集机场","","CN","中国","China","1"
"ZD47030","吉安市","360800","Jian","吉安井冈山机场","","CN","中国","China","1"
"ZD85866","济南市","370100","Jinan","济南遥墙国际机场","","CN","中国","China","1"
"ZD59730","铜仁市","520600","Tongren","铜仁凤凰机场","","CN","中国","China","1"
"ZD64792","遵义市","520300","Zunyi","遵义新舟机场","","CN","中国","China","1"
"ZD95316","三明市","350400","Sanming","三明沙县机场","","CN","中国","China","1"
"ZD54708","乌海市","150300","Wuhai","乌海机场","","CN","中国","China","1"
"ZD99172","常州市","320400","Changzhou","常州奔牛国际机场","","CN","中国","China","1"
"ZD97195","绵阳市","510700","Mianyang ","绵阳南郊机场","","CN","中国","China","1"
"ZD18484","威海市","371000","Weihai","威海国际机场","Weihai Dashuibo International Airport","CN","中国","China","1"
"ZD34460","呼和浩特市","150100","Hohhot","呼和浩特白塔国际机场","","CN","中国","China","1"
"ZD74002","杭州市","330100","Hangzhou","杭州萧山国际机场","","CN","中国","China","1"
"ZD26815","厦门市","350200","Shamen","厦门高崎国际机场","","CN","中国","China","1"
"ZD14735","重庆市","500100","Chongqing","重庆江北国际机场","","CN","中国","China","1"
"ZD37076","南京市","320100","Nanjing","南京禄口国际机场","","CN","中国","China","1"
"ZD71168","石家庄市","130100","Shijiazhuang ","石家庄正定国际机场","","CN","中国","China","1"
"ZD85502","温州市","330300","Wenzhou","温州龙湾国际机场","","CN","中国","China","1"
"ZD73830","阿坝藏族羌族自治州","513200","","九寨黄龙机场","Jiuzhai Huanglong Airport","CN","中国","China","1"
"ZD02335","大理白族自治州","532900","","大理荒草坝机场","Dali Fengyi Airport","CN","中国","China","1"
"ZD57272","池州市","341700","Chizhou","池州九华山机场","","CN","中国","China","1"
"ZD79804","日照市","371100","Rizhao","日照山字河机场","","CN","中国","China","1"
"ZD80202","大同市","140200","Datong","大同云冈机场","","CN","中国","China","1"
"ZD50478","丽江市","530700","","丽江三义国际机场","","CN","中国","China","1"
"ZD77493","西双版纳傣族自治州","532800","","西双版纳嘎洒国际机场","Xishuangbanna Gasa International Airport","CN","中国","China","1"
"ZD32352","惠州市","441300","Huizhou","惠州平潭机场","","CN","中国","China","1"
"ZD79531","湛江市","440800","Zhanjiang","湛江机场","","CN","中国","China","1"
"ZD22672","黔西南布依族苗族自治州","522300","Bouyei and Miao Autonomy in Southwest Guizhou","兴义万峰林机场","","CN","中国","China","1"
"ZD47299","桂林市","450300","Guilin","桂林两江国际机场","","CN","中国","China","1"
"ZD39803","南平市","350700","Nanping","武夷山机场","","CN","中国","China","1"
"ZD77283","拉萨市","540100","Lasa","拉萨贡嘎国际机场","","CN","中国","China","1"
"ZD82082","伊犁哈萨克自治州","654000","","伊宁机场","yining airport","CN","中国","China","1"
"ZD13274","嘉峪关市","620200","Jiayuguan ","嘉峪关机场","","CN","中国","China","1"
"ZD69113","泉州市","350500","Quanzhou","泉州晋江国际机场","","CN","中国","China","1"
"ZD51125","酒泉市","620900","Jiuquan","敦煌莫高国际机场","","CN","中国","China","1"
"ZD13725","北海市","450500","Beihai","北海福成机场","","CN","中国","China","1"
"ZD26923","柳州市","450200","Liuzhou","柳州白莲机场","","CN","中国","China","1"
"ZD50871","毕节市","520500","Bijie","毕节飞雄机场","","CN","中国","China","1"
"ZD35561","琼海市","469002","Qionghai ","琼海博鳌机场","","CN","中国","China","1"
"ZD33765","邯郸市","130400","Handan","邯郸机场","Handan Airport","CN","中国","China","1"
"ZD55329","赤峰市","150400","Chifeng","赤峰玉龙机场","","CN","中国","China","1"
"ZD57779","牡丹江市","231000","Mudanjiang ","牡丹江海浪国际机场","","CN","中国","China","1"
"ZD58482","宜昌市","420500","Yichang","宜昌三峡机场","","CN","中国","China","1"
"ZD54880","衡阳市","430400","Hengyang","衡阳南岳机场","","CN","中国","China","1"
"ZD18087","白山市","220600","Baishan","长白山机场","Baishan Changbaishan Airport","CN","中国","China","1"
"ZD98680","南通市","320600","Nantong","南通兴东国际机场","","CN","中国","China","1"
"ZD06063","扬州市","321000","Yangzhou","扬州泰州国际机场","","CN","中国","China","1"
"ZD00286","徐州市","320300","Xuzhou","徐州观音国际机场","","CN","中国","China","1"
"ZD42436","盐城市","320900","Yancheng","盐城南洋国际机场","","CN","中国","China","1"
"ZD92464","淮安市","320800","Huaian","淮安涟水国际机场","","CN","中国","China","1"
"ZD73021","景德镇市","360200","Jingdezhen ","景德镇罗家机场","","CN","中国","China","1"
"ZD34026","锦州市","210700","Jinzhou","锦州湾机场","","CN","中国","China","1"
"ZD65139","鞍山市","210300","Anshan","鞍山腾鳌机场","","CN","中国","China","1"
"ZD71492","包头市","150200","Baotou","包头东河机场","","CN","中国","China","1"
"ZD75563","呼伦贝尔市","150700","Hulunbuir","满洲里西郊国际机场","Manzhouli Xijiao International Airport","CN","中国","China","1"
"ZD13405","银川市","640100","Yinchuan ","银川河东国际机场","","CN","中国","China","1"
"ZD52267","东营市","370500","Dongying","东营胜利机场","Dongying Shengli Airport","CN","中国","China","1"
"ZD16065","菏泽市","371700","Heze","菏泽牡丹机场","Heze Mudan Airport","CN","中国","China","1"
"ZD58065","潍坊市","370700","Weifang","潍坊机场","","CN","中国","China","1"
"ZD98077","运城市","140800","Yuncheng","运城盐湖国际机场","/","CN","中国","China","1"
"ZD19510","临汾市","141000","Linfen","临汾乔李机场","Linfen Yaodu Airport","CN","中国","China","1"
"ZD29060","长治市","140400","Changzhi","长治王村机场","","CN","中国","China","1"
"ZD36167","天津市","120100","Tianjin","天津滨海国际机场","","CN","中国","China","1"
"ZD43550","阿克苏地区","652900","","库车龟兹机场","","CN","中国","China","1"
"ZD02253","克拉玛依市","650200","Karamay","克拉玛依机场","Karamay Airport","CN","中国","China","1"
"ZD02419","阿勒泰地区","654300","","阿勒泰机场","","CN","中国","China","1"
"ZD23743","哈密市","650500","Hami","哈密机场","","CN","中国","China","1"
"ZD55739","阿拉尔市","659002","Alar","阿拉尔塔里木机场","Alaer Talimu Airport","CN","中国","China","1"
"ZD25846","博尔塔拉蒙古自治州","652700","","博乐阿拉山口机场","","CN","中国","China","1"
"ZD97826","喀什地区","653100","","莎车叶尔羌机场","Shache Airport","CN","中国","China","1"
"ZD05995","塔城地区","654200","","塔城机场","","CN","中国","China","1"
"ZD74930","和田地区","653200","","于田万方机场","Yutian Wanfang Airport","CN","中国","China","1"
"ZD33460","巴音郭楞蒙古自治州","652800","","若羌楼兰机场","Ruoqiang Loulan Airport","CN","中国","China","1"
"ZD15868","阿勒泰地区","654300","","喀纳斯机场","Burqin Kanasi Airport","CN","中国","China","1"
"ZD80517","巴音郭楞蒙古自治州","652800","","且末玉都机场","","CN","中国","China","1"
"ZD74151","伊犁哈萨克自治州","654000","","新源那拉提机场","Xinyuan Nalati Airport","CN","中国","China","1"
"ZD80997","阿勒泰地区","654300","","富蕴可可托海机场","","CN","中国","China","1"
"ZD06534","保山市","530500","Baoshan","腾冲驼峰机场","","CN","中国","China","1"
"ZD00833","舟山市","330900","Zhoushan","舟山普陀山机场","","CN","中国","China","1"
"ZD70483","重庆市","500100","Chongqing","万州五桥机场","","CN","中国","China","1"
"ZD31036","临沂市","371300","Linyi","临沂启阳机场","","CN","中国","China","1"
"ZD72722","乌鲁木齐市","650100","Urumqi","乌鲁木齐天山国际机场","/","CN","中国","China","1"
"ZD76696","昭通市","530600","Zhaotong","昭通机场","","CN","中国","China","1"
"ZD22674","凉山彝族自治州","513400","Liangshan Yi Autonomous Prefecture","西昌青山机场","","CN","中国","China","1"
"ZD89325","迪庆藏族自治州","533400","","迪庆香格里拉机场","Diqing Shangri-La Airport","CN","中国","China","1"
"ZD67751","德宏傣族景颇族自治州","533100","","德宏芒市机场","Dehong Mangshi Airport","CN","中国","China","1"
"ZD54042","吐鲁番市","650400","Turpan","吐鲁番交河机场","","CN","中国","China","1"
"ZD74188","宜宾市","511500","Yibin","宜宾五粮液机场","","CN","中国","China","1"
"ZD40314","泸州市","510500","Luzhou","泸州云龙机场","","CN","中国","China","1"
"ZD00381","达州市","511700","","达州河市机场","","CN","中国","China","1"
"ZD83560","烟台市","370600","Yantai","烟台蓬莱国际机场","","CN","中国","China","1"
"ZD59071","连云港市","320700","Lianyungang ","连云港花果山机场","","CN","中国","China","1"
"ZD00077","佛山市","440600","Foshan","佛山沙堤机场","","CN","中国","China","1"
"ZD88907","兰州市","620100","Lanzhou","兰州中川国际机场","","CN","中国","China","1"
"ZD69716","延安市","610600","Yanan","延安南泥湾机场","","CN","中国","China","1"
"ZD78945","香港","810100","Hong Kong","香港国际机场","Hong Kong International Airport","HK","中国香港","China","1"
"ZD22670","桃园","68000","Taoyuan","桃园国际机场","","TW","中国台湾","China","1"
"ZD22671","台北","63000","Taipei","台北松山机场","","TW","中国台湾","China","1"
"ZD98203","昌迪加尔","IND4830","Samrala","昌迪加尔国际机场","Chandigarh International Airport","IND","印度","India","1"
"ZD95880","新德里","INDICD","New Delhi","新德里国际机场","","IND","印度","India","1"
"ZD48452","吉隆坡","MYSKUL","Kuala Lumpur","吉隆坡国际机场","","MYS","马来西亚","Malaysia","1"
"ZD22669","澳门","820100","Macau","澳门国际机场","","MO","中国澳门","China","1"
"ZD22618","海德拉巴","IND4528","Hyderabad","拉吉夫甘地国际机场","Rajiv Gandhi International Airport","IND","印度","India","1"
"ZD12540","那格浦尔","IND4636","Balod","巴巴萨海布·阿姆倍伽尔博士国际机场","Dr. Babasaheb Ambedkar International Airport","IND","印度","India","1"
"ZD07752","金边","KHM9733","Phnom Penh","金边国际机场","Mezzanine Floor, International Departure, Phnom Penh International Airport","KHM","柬埔寨","Cambodia","1"
"ZD95133","暹粒市","KHM9734","Siem Reap","暹粒国际机场","Siem Reap International Airport","KHM","柬埔寨","Cambodia","1"
"ZD77713","雅加达","IDNJK","Jakarta","雅加达国际机场","","IDN","印度尼西亚","Indonesia","1"
"ZD87092","槟城","MYSPEN","Penang","槟城国际机场","","MYS","马来西亚","Malaysia","1"
"ZD60128","宿务","PHL6371","Cebu","麦克坦-宿务国际机场","Mactan-Cebu International Airport","PHL","菲律宾","Philippines","1"
"ZD66056","悉尼","AUSHBS","Sydney","悉尼金斯福国际机场","","AU","澳大利亚","Australia","1"
"ZD42432","布里斯班","AUSBNE","Brisbane","布里斯班机场","","AU","澳大利亚","Australia","1"
"ZD80351","墨尔本","AUSMEL","Melbourne","墨尔本国际机场","","AU","澳大利亚","Australia","1"
"ZD74575","阿德莱德","AUSADL","Adelaide","阿德莱德机场","","AU","澳大利亚","Australia","1"
"ZD02386","哥本哈根","DNKCPH","Copenhagen","斯楚普国际机场","","DNK","丹麦","Denmark","1"
"ZD73209","赫尔辛基","FINHEL","Helsinki","万塔国际机场","","FIN","芬兰","Finland","1"
"ZD65613","布达佩斯","HUNBU","Budapest","布达佩斯机场","","HUN","匈牙利","Hungary","1"
"ZD62177","马恩岛","IMN9737","Isle of Man","马恩岛机场","Isle of Man Airport","IMN","马恩岛","Isle of Man","1"
"ZD07427","罗马","ITAROM","Rome","菲乌米奇诺机场","","ITA","意大利","Italy","1"
"ZD73562","爱丁堡","GBREDH","Edinburgh","爱丁堡机场","","GBR","英国","United Kingdom","1"
"ZD54664","斯德哥尔摩","SWEAB","Stockholm","阿兰达国际机场","","SWE","瑞典","Sweden","1"
"ZD75577","哥德堡","SWE7607","Gothenburg","哥德堡兰德维特机场","Göteborg Landvetter Airport","SWE","瑞典","Sweden","1"
"ZD74766","伦敦","GBRLND","London","伦敦希斯罗机场","","GBR","英国","United Kingdom","1"
"ZD92216","伦敦","GBRLND","London","盖特威克机场","","GBR","英国","United Kingdom","1"
"ZD13144","迪拜","AREDU","Dubai","迪拜国际机场","","ARE","阿联酋","United Arab Emirates","1"
"ZD72391","皇后镇","NZL6293","Queenstown","皇后镇国际机场","Queenstown Airport","NZL","新西兰","New Zealand","1"
"ZD95135","约翰内斯堡","ZAFJNB","Johannesburg","约翰内斯堡国际机场","","ZAF","南非","South Africa","1"
"ZD19391","德班","ZAF9708","Durban","沙卡国王国际机场","King Shaka International Airport","ZAF","南非","South Africa","1"
"ZD47036","里约热内卢","BRARJ","Rio de Janeiro","里约热内卢国际机场","","BRA","巴西","Brazil","1"
"ZD20394","圣保罗","BRASP","Sao Paulo","圣保罗国际机场","","BRA","巴西","Brazil","1"
"ZD08175","多伦多","CANTOR","Toronto","皮尔森国际机场","","CAN","加拿大","Canada","1"
"ZD00090","温哥华","CANVAN","Vancouver","温哥华国际机场","","CAN","加拿大","Canada","1"
"ZD16425","埃德蒙顿","CAN1468","Leduc","埃德蒙顿国际机场","Edmonton International Airport","CAN","加拿大","Canada","1"
"ZD80017","温尼泊","CAN1480","Brandon","温尼伯理查森国际机场","Winnipeg Richardson International Airport","CAN","加拿大","Canada","1"
"ZD56424","达拉斯","USADAL","Dallas","达拉斯-沃尔斯堡国际机场","","USA","美国","United States","1"
"ZD23100","蒙特利尔","CANMTR","Montreal","特鲁多国际机场","","CAN","加拿大","Canada","1"
"ZD77646","波哥大","COLIOMB","","波哥大埃尔多拉多国际机场","Bogota El Dorado International Airport ","COL","哥伦比亚","Colombia","1"
"ZD97752","卡利","COL9741","Cali","阿方索博尼利亚阿拉贡国际机场","Alfonso Bonilla Aragón International Airport ","COL","哥伦比亚","Colombia","1"
"ZD23135","巴兰基亚","COL9742","Barranquilla","巴兰基亚国际机场","Barranquilla Ernesto Cortissoz Airport","COL","哥伦比亚","Colombia","1"
"ZD02613","布卡拉曼加","COL9743","Bucaramanga","帕洛内格罗国际机场","Palonegro International Airport ","COL","哥伦比亚","Colombia","1"
"ZD99053","麦德林","COL9744","Medellin","何塞·玛丽亚·科尔多瓦国际机场","José María Córdova International Airport ","COL","哥伦比亚","Colombia","1"
"ZD23255","卡塔赫纳","COL9745","Cartagena","拉斐尔努涅斯国际机场","Cartagena Rafael Núñez International Airport","COL","哥伦比亚","Colombia","1"
"ZD52002","萨尔瓦多","COL9746","El Salvador","萨尔瓦多国际机场","El Salvador International Airport","COL","哥伦比亚","Colombia","1"
"ZD55909","仁川","KOR5759","Incheon","仁川国际机场","Incheon International Airport","KOR","韩国","South Korea","1"
"ZD06412","首尔","KOR5761","Seoul","金浦国际机场","Gimpo International Airport","KOR","韩国","South Korea","1"
"ZD84959","新加坡","SGP7649","Singapore","新加坡樟宜机场","Singapore Changi Airport","SGP","新加坡","Singapore","1"
"ZD41238","釜山","KOR5746","Pusan","金海国际机场","Gimhae International Airport","KOR","韩国","South Korea","1"
"ZD39010","坎昆","MEX5996","Cancun","坎昆国际机场","Cancún International Airport","MEXCONUTRY","墨西哥","Mexico","1"
"ZD23929","台中","66000","Taoyuan","中国台中清泉岗机场","/","TW","中国台湾","China","1"
"ZD68823","台北","63000","Taipei","中国台北桃园国际机场","/","TW","中国台湾","China","1"
"ZD64532","高雄","64000","Kaohsiung","中国高雄国际机场","/","TW","中国台湾","China","1"
"ZD04849","金奈","IND4595","Chennai","金奈国际机场","/","IND","印度","India","1"
"ZD32068","伊基克","CHLLR","","伊基克国际机场","/","CHL","智利","Chile","1"
"ZD40322","圣地亚哥","CHLFPF","","希巴欧国际机场","/","CHL","智利","Chile","1"
"ZD97298","特木科","CHLAV","","特木科机场","/","CHL","智利","Chile","1"
"ZD69750","圣地亚哥","CHLFPF","","圣地亚哥机场","/","CHL","智利","Chile","1"
"ZD42459","蒙特港","CHLFH","","蒙特港机场","/","CHL","智利","Chile","1"
"ZD30489","拉塞雷纳","CHLFP","","拉塞雷纳机场","/","CHL","智利","Chile","1"
"ZD64192","康塞普西翁","CHLFD","","康塞普西翁国际机场","/","CHL","智利","Chile","1"
"ZD76318","蓬塔阿雷纳斯","CHLZX","","卡洛斯·德尔坎波总统国际机场","/","CHL","智利","Chile","1"
"ZD99652","安托法加斯塔","CHLSZ","","安托法加斯塔机场","/","CHL","智利","Chile","1"
"ZD74022","圣地亚哥","CHLFPF","","阿图罗梅里诺贝尼特斯机场","/","CHL","智利","Chile","1"
"ZD82713","阿里卡","CHLJM","","阿里卡国际机场","/","CHL","智利","Chile","1"
"ZD79099","直布罗陀","GIBWB","","直布罗陀国际机场","/","GIB","直布罗陀","Gibraltar","1"
"ZD92688","泽西岛","JEYRC","","泽西岛机场","/","JEY","泽西岛行政区","Bailiwick of Jersey","1"
"ZD13913","卢萨卡","ZMBTC","","卢萨卡国际机场","/","ZMB","赞比亚","Zambia","1"
"ZD28451","利文斯敦","ZMBQA","","利文斯敦国际机场","/","ZMB","赞比亚","Zambia","1"
"ZD30071","因弗内斯","GBR4065","Inverness","因弗尼斯机场","/","GBR","英国","United Kingdom","1"
"ZD64416","伦敦","GBRLND","London","斯坦斯特德机场","/","GBR","英国","United Kingdom","1"
"ZD60513","纽卡斯尔安德莱姆","GBR3849","Newcastle-under-Lyme","纽卡斯尔机场","/","GBR","英国","United Kingdom","1"
"ZD35969","纽基","GBR3643","Newquay","纽基机场","/","GBR","英国","United Kingdom","1"
"ZD20827","南安普敦","GBR3735","Southampton","南安普敦机场","/","GBR","英国","United Kingdom","1"
"ZD45849","曼彻斯特","GBRMAN","Manchester","曼彻斯特国际机场","","GBR","英国","United Kingdom","1"
"ZD32552","伦敦","GBRLND","London","伦敦德里机场","/","GBR","英国","United Kingdom","1"
"ZD36109","伦敦","GBRLND","London","伦敦城市机场","/","GBR","英国","United Kingdom","1"
"ZD96092","利兹","GBR4018","Leeds","利兹机场","/","GBR","英国","United Kingdom","1"
"ZD76903","利物浦","GBR3707","Liverpool","利物浦约翰·列侬机场","/","GBR","英国","United Kingdom","1"
"ZD69522","加的夫","GBR3682","Cardiff","加的夫机场","/","GBR","英国","United Kingdom","1"
"ZD94362","格拉斯哥","GBR3931","Glasgow","格拉斯哥机场","/","GBR","英国","United Kingdom","1"
"ZD95404","德比","GBR3866","Derby","东密德兰机场","/","GBR","英国","United Kingdom","1"
"ZD45122","布里斯托尔","GBRBST","Bristol","布里斯托尔机场","","GBR","英国","United Kingdom","1"
"ZD87735","伯明翰","GBRBIR","Birmingham","伯明翰机场","","GBR","英国","United Kingdom","1"
"ZD23435","贝尔法斯特","GBR3659","Belfast","贝尔法斯特机场","/","GBR","英国","United Kingdom","1"
"ZD57644","埃克塞特","GBR3666","Exeter","埃克塞特国际机场","/","GBR","英国","United Kingdom","1"
"ZD40093","班加罗尔","INDBLR","Bangalore","班加罗尔坎皮高达国际机场","","IND","印度","India","1"
"ZD59789","巴特那","IND4988","Piro","巴特纳机场","/","IND","印度","India","1"
"ZD17208","巴罗达","IND4553","Vadodara","巴罗达机场","/","IND","印度","India","1"
"ZD97635","艾哈迈达巴德","IND4675","Kheda","艾哈迈达巴德国际机场","/","IND","印度","India","1"
"ZD44248","阿姆利则","IND4843","Uttarkashi","斯里古鲁拉姆达斯吉国际机场","Sri Guru Ram Dass Jee International Airport","IND","印度","India","1"
"ZD45097","阿加尔塔拉","IND5044","Agartala","阿加尔塔拉机场","/","IND","印度","India","1"
"ZD35347","维罗纳","ITA5547","Verona","维罗纳机场","/","ITA","意大利","Italy","1"
"ZD74670","威尼斯","ITAVCE","Venice","威尼斯机场","","ITA","意大利","Italy","1"
"ZD01889","佛罗伦萨","ITAFLR","Florence","佛罗伦萨机场","","ITA","意大利","Italy","1"
"ZD48305","那不勒斯","ITANAP","Napoli","那不勒斯机场","","ITA","意大利","Italy","1"
"ZD30147","米兰","ITAMIL","Milan","米兰利纳特国际机场","","ITA","意大利","Italy","1"
"ZD46076","米兰","ITAMIL","Milan","马尔蓬萨机场","","ITA","意大利","Italy","1"
"ZD69692","卡塔尼亚","ITA5200","Catania","卡塔尼亚机场","/","ITA","意大利","Italy","1"
"ZD94991","卡利亚里","ITA5082","Cagliari","卡利亚里机场","/","ITA","意大利","Italy","1"
"ZD13067","博德鲁姆","TUR7676","Bodrum","米拉斯机场","/","TUR","土耳其","The Republic of Türkiye","1"
"ZD05480","达拉曼","TUR7701","Dalaman","达拉曼机场","/","TUR","土耳其","The Republic of Türkiye","1"
"ZD76400","安塔利亚","TUR7710","Antalya","安塔利亚机场","/","TUR","土耳其","The Republic of Türkiye","1"
"ZD83206","安卡拉","TUR7799","Ankara","埃森博阿国际机场","/","TUR","土耳其","The Republic of Türkiye","1"
"ZD50195","伊斯坦布尔","TURIST","","阿塔图尔克国际机场","","TUR","土耳其","Turkey","1"
"ZD84127","伊兹密尔","TUR7687","Izmir","阿德南·曼德列斯机场","/","TUR","土耳其","The Republic of Türkiye","1"
"ZD96730","莫纳斯提尔","TUNSH","","莫纳斯提尔机场","/","TUN","突尼斯","Tunisia","1"
"ZD76766","突尼斯","TUNUM","","迦太基国际机场","/","TUN","突尼斯","Tunisia","1"
"ZD41703","恩非达","TUNHF","","恩非达机场","/","TUN","突尼斯","Tunisia","1"
"ZD67485","西班牙港","TTORJ","","西班牙港机场","/","TTO","特立尼达和多巴哥","Trinidad and Tobago","1"
"ZD98110","桑给巴尔","TZARJ","","桑给巴尔国际机场","/","TZA","坦桑尼亚","Tanzania","1"
"ZD00461","乞力马扎罗山","TZASU","","乞力马扎罗机场","/","TZA","坦桑尼亚","Tanzania","1"
"ZD07038","达累斯萨拉姆","TZATU","","达累斯萨拉姆机场","/","TZA","坦桑尼亚","Tanzania","1"
"ZD24572","乌隆他尼","THA7675","Udon Thani","乌隆他尼国际机场","/","THA","泰国","Thailand","1"
"ZD48381","曼谷","THA10","Bangkok","曼谷素万那普国际机场","","THA","泰国","Thailand","1"
"ZD84254","清迈","THA50","Chiang Mai","清迈国际机场","","THA","泰国","Thailand","1"
"ZD98016","普吉","THA7650","Phuket","普吉岛国际机场","/","THA","泰国","Thailand","1"
"ZD51437","曼谷","THA10","Bangkok","廊曼国际机场","","THA","泰国","Thailand","1"
"ZD57141","合艾","THA7652","Hat Yai","合艾机场","/","THA","泰国","Thailand","1"
"ZD02604","卢布尔雅那","SVNAU","","卢布尔雅那机场","/","SVN","斯洛文尼亚","Slovenia","1"
"ZD84207","科伦坡","LKAXR","","班达拉奈克国际机场","/","LKA","斯里兰卡","Sri Lanka","1"
"ZD73713","希瓦诺拉","LCABH","","希瓦诺拉国际机场","/","LCA","圣卢西亚","Saint Lucia","1"
"ZD98494","利雅得","SAU9739","Riyadh","哈利德国王国际机场","/","SAU","沙特阿拉伯","Saudi Arabia","1"
"ZD68223","达曼","SAU9738","Dammam","达曼国际机场","/","SAU","沙特阿拉伯","Saudi Arabia","1"
"ZD26022","吉达","SAU9740","Jeddah","阿卜杜勒阿齐兹国王国际机场","/","SAU","沙特阿拉伯","Saudi Arabia","1"
"ZD37447","马埃岛","SYCRF","","塞舌尔国际机场","/","SYC","塞舌尔","Seychelles","1"
"ZD05130","斯埃阿坎","CYPGT","","塞浦路斯埃阿坎机场","/","CYP","塞浦路斯","Cyprus","1"
"ZD08861","帕福斯","CYPXC","","帕福斯国际机场","/","CYP","塞浦路斯","Cyprus","1"
"ZD12218","达喀尔","SENIC","","布莱兹·迪亚涅国际机场","/","SEN","塞内加尔","Senegal","1"
"ZD18029","贝尔格莱德","SCGBEG","Belgrade","贝尔格莱德机场","","SCG","塞尔维亚","Serbia","1"
"ZD78362","塞班岛","MNPXK","","塞班岛科布勒国际机场","/","MNP","塞班岛","Saipan","1"
"ZD98593","圣萨尔瓦多","SLVZD","","圣萨尔瓦多伊洛潘戈机场","/","SLV","萨尔瓦多","El Salvador","1"
"ZD26212","圣萨尔瓦多","SLVZD","","萨尔瓦多国际机场","/","SLV","萨尔瓦多","El Salvador","1"
"ZD24253","苏黎世","CHEZH","Zurich","苏黎世国际机场","","CHE","瑞士","Switzerland","1"
"ZD58076","日内瓦","CHEGE","Geneva","日内瓦国际机场","","CHE","瑞士","Switzerland","1"
"ZD06726","巴塞尔","CHE1627","Basel","巴塞尔-米卢斯-弗赖堡欧洲机场","/","CHE","瑞士","Switzerland","1"
"ZD37187","名古屋","JPN5657","Nagoya","名古屋中部国际机场","/","JPN","日本","Japan","1"
"ZD02841","大阪","JPN27","Osaka","关西国际机场","","JPN","日本","Japan","1"
"ZD78551","福冈","JPN5610","Fukuoka","福冈国际机场","/","JPN","日本","Japan","1"
"ZD50598","东京","JPN13","Tokyo","成田机场","","JPN","日本","Japan","1"
"ZD71792","里斯本","PRTLIS","Lisbon","里斯本机场","","PRT","葡萄牙","Portugal","1"
"ZD45452","波尔图","PRTVDP","Porto","奥波多机场","","PRT","葡萄牙","Portugal","1"
"ZD95393","奥斯陆","NOR3","Oslo","加勒穆恩国际机场","","NOR","挪威","Norway","1"
"ZD30072","拉各斯","NGAPK","","穆尔塔拉穆罕默德国际机场","/","NGA","尼日利亚","Nigeria","1"
"ZD00058","阿萨巴","NGABH","","阿萨巴国际机场","/","NGA","尼日利亚","Nigeria","1"
"ZD98795","阿布贾","NGAWX","","阿布贾机场","/","NGA","尼日利亚","Nigeria","1"
"ZD05034","加德满都","NPLPSUL","","特里布凡国际机场","/","NPL","尼泊尔","","1"
"ZD92090","伊丽莎白港","ZAF9688","Port Elizabeth","伊丽莎白港机场","/","ZAF","南非","South Africa","1"
"ZD43449","乔治","ZAF9682","George","乔治机场","/","ZAF","南非","South Africa","1"
"ZD62727","开普敦","ZAF9680","Cape Town","开普敦国际机场","/","ZAF","南非","South Africa","1"
"ZD59737","东伦敦","ZAF9695","Buffalo City","东伦敦机场","/","ZAF","南非","South Africa","1"
"ZD51052","德班","ZAF9708","Durban","沙卡国王国际机场","/","ZAF","南非","South Africa","1"
"ZD75914","布隆方丹","ZAF9702","Bloemfontein","布隆方丹机场","/","ZAF","南非","South Africa","1"
"ZD38696","珀斯","AUSPER","Perth","奥利弗·雷金纳德·坦博国际机场","/","AU","澳大利亚","Australia","1"
"ZD13015","温得和克","NAMVA","","卢格哈威机场","/","NAM","纳米比亚","Namibia","1"
"ZD44892","瓦哈卡","MEX5844","Acatlán de Osorio","瓦哈卡机场","/","MEXCONUTRY","墨西哥","Mexico","1"
"ZD69827","图斯特拉-古铁雷斯","MEX5810","Arriaga","图斯特拉古铁雷斯机场","/","MEXCONUTRY","墨西哥","Mexico","1"
"ZD36740","坦皮科","MEX5905","Naranjos","坦皮科国际机场","/","MEXCONUTRY","墨西哥","Mexico","1"
"ZD99697","塔帕丘拉","MEX5811","Tuxtla-Gutierrez","塔帕丘拉国际机场","/","MEXCONUTRY","墨西哥","Mexico","1"
"ZD34286","圣路易斯波托西","MEX5891","San Luis de la Paz","圣路易斯波托西机场","/","MEXCONUTRY","墨西哥","Mexico","1"
"ZD31708","奇瓦瓦市","MEX5959","Agua Prieta","奇瓦瓦机场","/","MEXCONUTRY","墨西哥","Mexico","1"
"ZD76119","普埃布拉","MEX5855","Huejotzingo","普埃布拉机场","/","MEXCONUTRY","墨西哥","Mexico","1"
"ZD04610","墨西卡利","MEX5927","Tecate","墨西卡利机场","/","MEXCONUTRY","墨西哥","Mexico","1"
"ZD36041","墨西哥城","MEXMEX","Mexico City","墨西哥城托卢卡","/","MEXCONUTRY","墨西哥","Mexico","1"
"ZD12796","墨西哥城","MEXMEX","Mexico City","墨西哥城机场","/","MEXCONUTRY","墨西哥","Mexico","1"
"ZD62498","米纳蒂特兰","MEX5909","Acayucan","米纳蒂特兰机场","/","MEXCONUTRY","墨西哥","Mexico","1"
"ZD94514","蒙特雷","MEX5969","Santiago","蒙特雷机场","/","MEXCONUTRY","墨西哥","Mexico","1"
"ZD78595","梅里达","MEX5987","Peto","梅里达机场","/","MEXCONUTRY","墨西哥","Mexico","1"
"ZD27964","马萨特兰","MEX5942","Huatabampo","马萨特兰机场","/","MEXCONUTRY","墨西哥","Mexico","1"
"ZD56273","雷诺萨","MEX5977","Nueva Rosita","雷诺萨机场","/","MEXCONUTRY","墨西哥","Mexico","1"
"ZD14841","韦拉克鲁斯","MEX5867","Coatepeque","拉斯巴贾达斯机场","/","MEXCONUTRY","墨西哥","Mexico","1"
"ZD74018","库利亚坎","MEX5934","Navolato","库利亚坎机场","/","MEXCONUTRY","墨西哥","Mexico","1"
"ZD02398","克雷塔罗","MEX5880","El Pueblito","克雷塔罗机场","/","MEXCONUTRY","墨西哥","Mexico","1"
"ZD37061","瓜达拉哈拉","MEX5790","Guadalajara","瓜达拉哈拉机场","/","MEXCONUTRY","墨西哥","Mexico","1"
"ZD64931","杜兰戈","MEX5943","Mazatlan","杜兰戈机场","/","MEXCONUTRY","墨西哥","Mexico","1"
"ZD75910","蒂华纳","MEX5925","Ensenada","蒂华纳罗德里格兹国际机场","/","MEXCONUTRY","墨西哥","Mexico","1"
"ZD82768","比亚埃尔莫萨","MEX5915","Cunduacán","比亚埃尔莫萨机场","/","MEXCONUTRY","墨西哥","Mexico","1"
"ZD64083","墨西哥城","MEXMEX","Mexico City","贝尼托·胡亚雷斯国际机场","","MEXCONUTRY","墨西哥","Mexico","1"
"ZD17713","巴亚尔塔港","MEX5779","Puerto Vallarta","巴亚尔塔机场","/","MEXCONUTRY","墨西哥","Mexico","1"
"ZD04379","埃莫西约","MEX5956","Monclova","埃莫西约机场","/","MEXCONUTRY","墨西哥","Mexico","1"
"ZD69069","阿卡普尔科","MEX5804","Acapulco","阿卡普尔科机场","/","MEXCONUTRY","墨西哥","Mexico","1"
"ZD22165","阿瓜斯卡连特斯","MEX5803","Aguascalientes","阿瓜斯卡连特斯机场","/","MEXCONUTRY","墨西哥","Mexico","1"
"ZD41258","马普托","MOZBD","","马普托机场","/","MOZ","莫桑比克","Mozambique","1"
"ZD85139","纳祖尔","MARLQ","","纳祖尔机场","/","MAR","摩洛哥","Morocco","1"
"ZD52454","仰光","MMRXA","","仰光机场","/","MMR","缅甸","Myanmar","1"
"ZD90930","曼德勒","MMRVB","","曼德勒机场","/","MMR","缅甸","Myanmar","1"
"ZD31241","伊基托斯","PERYY","","伊基托斯机场","/","PER","秘鲁","Peru","1"
"ZD00987","通贝斯","PERLC","","通贝斯机场","/","PER","秘鲁","Peru","1"
"ZD98735","特鲁希略","PERCUC","","特鲁希略机场","/","PER","秘鲁","Peru","1"
"ZD17520","塔拉拉","PERFS","","塔拉拉机场","/","PER","秘鲁","Peru","1"
"ZD03448","塔拉波托","PERGS","","塔拉波托机场","/","PER","秘鲁","Peru","1"
"ZD97933","塔克纳","PERTW","","塔克纳机场","/","PER","秘鲁","Peru","1"
"ZD96167","安踏","PERAY","","司令赫尔曼·阿里亚斯格拉齐亚尼机场","/","PER","秘鲁","Peru","1"
"ZD29621","奇克拉约","PERLP","","奇克拉约机场","/","PER","秘鲁","Peru","1"
"ZD29104","普卡尔帕","PERXH","","普卡尔帕机场","/","PER","秘鲁","Peru","1"
"ZD21640","皮乌拉","PERLV","","皮乌拉机场","/","PER","秘鲁","Peru","1"
"ZD50663","马尔多纳多港","PERZC","","马尔多纳多港机场","/","PER","秘鲁","Peru","1"
"ZD88075","库斯科","PERNG","","库斯科机场","/","PER","秘鲁","Peru","1"
"ZD17595","卡哈马卡","PERBH","","卡哈马卡机场","/","PER","秘鲁","Peru","1"
"ZD91825","胡利亚卡","PERHT","","胡利亚卡机场","/","PER","秘鲁","Peru","1"
"ZD04087","阿亚库乔","PEREF","","阿亚库乔机场","/","PER","秘鲁","Peru","1"
"ZD69123","阿雷基帕","PERCU","","阿雷基帕机场","/","PER","秘鲁","Peru","1"
"ZD72436","赛义德布尔","BGDDA","","赛义德布尔机场","/","BGD","孟加拉国","Bangladesh","1"
"ZD74348","达卡","BGDJG","","齐亚国际机场","/","BGD","孟加拉国","Bangladesh","1"
"ZD52164","科克斯巴扎尔","BGDTE","","科克斯巴扎尔机场","/","BGD","孟加拉国","Bangladesh","1"
"ZD57445","吉大港","BGDSS","","吉大港国际机场","/","BGD","孟加拉国","Bangladesh","1"
"ZD75662","锡尔赫特","BGDJW","","奥斯马尼国际机场","/","BGD","孟加拉国","Bangladesh","1"
"ZD62294","芝加哥","USACHI","Chicago","奥黑尔国际机场","","USA","美国","United States","1"
"ZD02780","盐湖城","USASLC","Salt Lake City","盐湖城国际机场","","USA","美国","United States","1"
"ZD11354","锡拉丘兹","USA8591","American Fork","雪城汉考克国际机场","/","USA","美国","United States","1"
"ZD17655","休斯敦","USAHOU","Houston","休斯顿国际机场","/","USA","美国","United States","1"
"ZD11572","休斯敦","USAHOU","Houston","休斯敦机场","/","USA","美国","United States","1"
"ZD57544","休斯敦","USAHOU","Houston","休斯敦城市机场","/","USA","美国","United States","1"
"ZD33991","新奥尔良","USAMSY","New Orleans","新奥尔良机场","","USA","美国","United States","1"
"ZD04403","夏洛特","USACRQ","Charlotte","夏洛特机场","/","USA","美国","United States","1"
"ZD02553","西雅图","USASEA","Seattle","塔科马国际机场","","USA","美国","United States","1"
"ZD52422","檀香山","USAHNL","Honolulu","檀香山国际机场","","USA","美国","United States","1"
"ZD37128","圣何塞","USASJC","San Jose","圣何塞米内塔国际机场","/","USA","美国","United States","1"
"ZD95983","圣迭戈","USASAN","","圣地亚哥国际机场","/","USA","美国","United States","1"
"ZD64452","普罗维登斯","USAPVD","","普罗维登斯机场","/","USA","美国","United States","1"
"ZD18913","匹兹堡","USAPIT","Pittsburgh","匹兹堡国际机场","/","USA","美国","United States","1"
"ZD98563","明尼阿波利斯","USAMES","Minneapolis","圣保罗国际机场","Minneapolis-Saint Paul International Airport","USA","美国","United States","1"
"ZD39737","拉斯维加斯","USALAS","Las Vegas","麦卡伦国际机场","","USA","美国","United States","1"
"ZD45975","迈阿密","USAMIA","Miami","迈阿密国际机场","","USA","美国","United States","1"
"ZD25442","洛杉矶","USALAX","Los Angeles","洛杉矶国际机场","","USA","美国","United States","1"
"ZD44566","圣路易斯","USASTL","St Louis","兰伯特圣路易斯国际机场","/","USA","美国","United States","1"
"ZD65461","纽约","USAYAMX","New York","拉瓜迪亚机场","/","USA","美国","United States","1"
"ZD90262","纽约","USAYAMX","New York","纽约肯尼迪机场","Kennedy International Airport ","USA","美国","United States","1"
"ZD86103","克利夫兰","USACLE","Cleveland","克利夫兰机场","/","USA","美国","United States","1"
"ZD96166","卡胡卢伊","USA8132","Kahului","卡胡鲁伊机场","/","USA","美国","United States","1"
"ZD03866","旧金山","USASFO","San Francisco","旧金山国际机场","","USA","美国","United States","1"
"ZD82393","巴尔的摩","USABAL","Baltimore","华盛顿国际机场","/","USA","美国","United States","1"
"ZD82023","华盛顿","USAWAS","Washington","华盛顿杜勒斯国际机场","","USA","美国","United States","1"
"ZD07648","圣何塞","USASJC","San Jose","胡安.圣玛丽亚国际机场","/","USA","美国","United States","1"
"ZD31848","亚特兰大","USATAT","Atlanta","亚特兰大国际机场","","USA","美国","United States","1"
"ZD11755","费城","USAPHL","Philadelphia","费城国际机场","","USA","美国","United States","1"
"ZD17151","底特律","USADET","Detroit","底特律都会机场","","USA","美国","United States","1"
"ZD87453","丹佛","USADEN","Denver","丹佛国际机场","","USA","美国","United States","1"
"ZD29635","达拉斯","USADAC","Dallas","达拉斯沃斯堡机场","/","USA","美国","United States","1"
"ZD55750","查尔斯顿","USACHS","Charleston","查尔斯顿国际机场","/","USA","美国","United States","1"
"ZD22484","布法罗","USA0001","Buffalo","布法罗机场","/","USA","美国","United States","1"
"ZD14926","波特兰","USAPOL","Portland","波特兰国际机场","Portland International Airport","USA","美国","United States","1"
"ZD81737","波士顿","USABZD","Boston","洛根国际机场","","USA","美国","United States","1"
"ZD55433","辛辛那提","USACVG","Cincinnati","北肯塔基国际机场","/","USA","美国","United States","1"
"ZD91437","奥兰多","USAORL","Orlando","奥兰多国际机场","","USA","美国","United States","1"
"ZD44377","休斯敦","USAHOU","Houston","安德劳机场","/","USA","美国","United States","1"
"ZD77427","安大略","USA8366","Ontario","安大略国际机场","/","USA","美国","United States","1"
"ZD44845","毛里求斯","MUSPM","","西沃萨古尔·拉姆古兰爵士国际机场","/","MUS","毛里求斯","Mauritius","1"
"ZD12231","斯科普里","MKDFO","","斯科普里机场","/","MKD","马其顿","North Macedonia","1"
"ZD66458","巴马科","MLIZC","","巴马科机场","/","MLI","马里","Mali","1"
"ZD01401","兰卡威","MYS6004","Parit Buntar","兰卡威国际机场"," Langkawi International Airport","MYS","马来西亚","Malaysia","1"
"ZD95131","古晋","MYS6024","Kuching","古晋国际机场","Kuching International Airport","MYS","马来西亚","Malaysia","1"
"ZD70623","古迪亚","MLTXC","","马尔他卢加机场","/","MLT","马耳他","Malta","1"
"ZD82351","马累","MDV5767","Male","马累机场","/","MDV","马尔代夫","Maldives","1"
"ZD24281","基加利","RWATM","","基加利国际机场","/","RWA","卢旺达","Rwanda","1"
"ZD27083","卢森堡","LUXLL","","卢森堡机场","/","LUXCONUTRY","卢森堡","","1"
"ZD13881","维尔纽斯","LTUYK","","维尔纽斯机场","/","LTU","立陶宛","Lithuania","1"
"ZD85982","贝鲁特","LBNOV","","贝鲁特机场","/","LBN","黎巴嫩","Lebanon","1"
"ZD94874","里加","LVAUU","","里加机场","/","LVA","拉脱维亚","Latvia","1"
"ZD16032","库拉索","CUWCG","","库拉索哈托国际机场","/","CUW","库拉索","Curaçao","1"
"ZD16261","内罗毕","KEN9736","Nairobi","内罗毕机场","/","KEN","肯尼亚","Kenya","1"
"ZD04041","萨格勒布","HRV1","Zagreb","萨格勒布机场","","HRV","克罗地亚","Croatia","1"
"ZD53192","科威特","KWTRB","","科威特国际机场","/","KWT","科威特","Kuwait","1"
"ZD66582","多哈","QATDW","Doha","多哈国际机场","","QAT","卡塔尔","Qatar","1"
"ZD09797","杜阿拉","CMRCV","","杜阿拉机场","/","CMR","喀麦隆","Cameroon","1"
"ZD39941","维多利亚瀑布","ZWEQN","","维多利亚瀑布机场","/","ZWE","津巴布韦","Zimbabwe","1"
"ZD33895","哈拉雷","ZWEHB","","哈拉雷国际机场","/","ZWE","津巴布韦","Zimbabwe","1"
"ZD15526","布拉瓦约","ZWEQH","","布拉瓦约国际机场","/","ZWE","津巴布韦","Zimbabwe","1"
"ZD26984","布拉格","CZE1651","Prague","鲁济涅机场","/","CZE","捷克","The Czech Republic","1"
"ZD66120","利伯维尔","GABXG","","利伯维尔国际机场","/","GAB","加蓬","Gabon","1"
"ZD49658","阿克拉","GHAUC","","科托卡机场","/","GHA","加纳","Ghana","1"
"ZD90679","渥太华","CANOTT","Ottawa","渥太华麦克唐纳卡蒂埃国际机场","","CAN","加拿大","Canada","1"
"ZD11892","卡尔加里","CAN1464","Grande Prairie","卡尔加里国际机场","/","CAN","加拿大","Canada","1"
"ZD83214","多伦多","CANTOR","Toronto","多伦多机场","/","CAN","加拿大","Canada","1"
"ZD05681","比什凯克","KGZVP","","玛纳斯国际机场","/","KGZ","吉尔吉斯斯坦","Kyrgyzstan","1"
"ZD91834","特古西加尔巴","HNDTH","","特古西加尔巴机场","/","HND","洪都拉斯","Honduras","1"
"ZD27329","拉利马","HNDUK","","圣佩德罗苏拉机场","/","HND","洪都拉斯","Honduras","1"
"ZD18570","科马亚瓜","HNDCE","","科马亚瓜机场","/","HND","洪都拉斯","Honduras","1"
"ZD56069","蒂瓦特","MNENA","","蒂瓦特机场","/","MNE","黑山","Montenegro","1"
"ZD68213","阿姆斯特丹","NLDAMS","Amsterdam","阿姆斯特丹史基浦机场","","NLD","荷兰","Netherlands","1"
"ZD28797","鹿特丹","NLDRTM","Rotterdam","鹿特丹机场","","NLD","荷兰","Netherlands","1"
"ZD31058","乌拉尔斯克","KAZEV","","乌拉尔斯克机场","/","KAZ","哈萨克斯坦","Kazakhstan","1"
"ZD37135","阿克莫拉","KAZYL","","努尔苏丹·纳扎尔巴耶夫国际机场","/","KAZ","哈萨克斯坦","Kazakhstan","1"
"ZD62769","乔治敦","GUYCM","","迪贾根国际机场","/","GUY","圭亚那","Guyana","1"
"ZD14342","阿加尼亚","GUMWY","","关岛国际机场","/","GUM","关岛","Guam","1"
"ZD16443","皮特尔角城","GLPJK","","皮特尔角城国际机场","/","GLP","瓜德罗普","Guadeloupe","1"
"ZD37914","第比利斯","GEOZN","","第比利斯国际机场","/","GEO","格鲁吉亚","Georgia","1"
"ZD42387","巴统","GEOFG","","巴统机场","/","GEO","格鲁吉亚","Georgia","1"
"ZD07743","卡塔赫纳","COL9745","Cartagena","拉法埃尔·努涅斯国际机场","/","COL","哥伦比亚","Colombia","1"
"ZD58171","麦德林","COL9744","Medellin","恩里克·奥拉亚埃雷拉机场","/","COL","哥伦比亚","Colombia","1"
"ZD69153","波哥大","COLIOMB","","波哥大埃尔多拉多国际机场","/","COL","哥伦比亚","Colombia","1"
"ZD36225","卢本马希","CODVB","","卢本巴希国际机场","/","COD","刚果(金)","Democratic Republic of the Congo","1"
"ZD00797","黑角","COGPS","","黑角机场","/","COG","刚果(布)","Republic of the Congo","1"
"ZD42255","班珠尔","GMBLG","","班珠尔机场","/","GMB","冈比亚","Gambia","1"
"ZD81720","撒尔","CPVLN","","阿米尔卡-卡布拉尔国际机场","/","CPV","佛得角","Cape Verde","1"
"ZD73447","纳迪","FJIMJ","","纳迪机场","/","FJI","斐济","Fiji","1"
"ZD61981","奥蓬","PHL6373","Lapu-Lapu City","麦克坦宿务国际机场","/","PHL","菲律宾","Philippines","1"
"ZD20957","马尼拉","PHLMNL","Manila","马尼拉机场","","PHL","菲律宾","Philippines","1"
"ZD66104","达沃市","PHL6357","Davao City","达沃国际机场","/","PHL","菲律宾","Philippines","1"
"ZD60659","帕皮提","PYFMJ","","帕皮提法阿国际机场","/","PYF","法属玻里尼西亚","French Polynesia","1"
"ZD42360","巴黎","FRAPAR","Paris","戴高乐机场","","FRA","法国","France","1"
"ZD26528","图卢兹","FRATLS","Toulouse","图卢兹机场","","FRA","法国","France","1"
"ZD37361","尼斯","FRANCE","","尼斯机场","","FRA","法国","France","1"
"ZD00198","蒙彼利埃","FRA3207","Montpellier","蒙彼利埃机场","/","FRA","法国","France","1"
"ZD76444","巴黎","FRAPAR","Paris","奥利机场","","FRA","法国","France","1"
"ZD66935","西摩","ECUFX","","西摩机场","/","ECU","厄瓜多尔","Ecuador","1"
"ZD72059","圣克里斯托巴尔岛","ECUDC","","圣克里斯托巴尔岛机场","/","ECU","厄瓜多尔","Ecuador","1"
"ZD47128","洛哈","ECUQS","","洛哈机场","/","ECU","厄瓜多尔","Ecuador","1"
"ZD51360","昆卡","ECUVE","","昆卡机场","/","ECU","厄瓜多尔","Ecuador","1"
"ZD20430","科卡","ECUQW","","科卡机场","/","ECU","厄瓜多尔","Ecuador","1"
"ZD62454","基多","ECUAM","","基多机场","/","ECU","厄瓜多尔","Ecuador","1"
"ZD07686","瓜亚基尔","ECUOX","","瓜亚基尔机场","/","ECU","厄瓜多尔","Ecuador","1"
"ZD29298","曼塔","ECUUW","","埃洛伊艾法罗国际机场","/","ECU","厄瓜多尔","Ecuador","1"
"ZD86641","圣多明各","DOMUV","","亚美利加国际机场","/","DOM","多米尼加","Dominican Republic","1"
"ZD93106","萨马纳","DOMGY","","萨马纳机场","/","DOM","多米尼加","Dominican Republic","1"
"ZD65801","普拉塔港","DOMHW","","普拉塔机场","/","DOM","多米尼加","Dominican Republic","1"
"ZD91462","拉罗马纳","DOMAD","","拉罗马纳机场","/","DOM","多米尼加","Dominican Republic","1"
"ZD47059","伊圭","DOMWI","","卡纳角机场","/","DOM","多米尼加","Dominican Republic","1"
"ZD62055","纽伦堡","DEUNUE","Nuremberg","纽伦堡机场","","DEU","德国","Germany","1"
"ZD96206","慕尼黑","DEUMUC","Munich","慕尼黑机场","","DEU","德国","Germany","1"
"ZD34934","格雷文","DEU2153","Ochtrup","明斯特奥斯纳布吕克国际机场","/","DEU","德国","Germany","1"
"ZD58651","莱比锡","DEU2457","Hettstedt","莱比锡哈雷机场","/","DEU","德国","Germany","1"
"ZD58392","科隆","DEUCGN","Cologne","科隆机场","","DEU","德国","Germany","1"
"ZD16151","汉诺威","DEUHAJ","Hanover","汉诺威机场","","DEU","德国","Germany","1"
"ZD94639","汉堡","DEUHH","Hamburg","汉堡国际机场","","DEU","德国","Germany","1"
"ZD89685","法兰克福","DEUFFO","Frankfurt","法兰克福国际机场","","DEU","德国","Germany","1"
"ZD99704","杜塞尔多夫","DEUDUS","Dusseldorf","杜塞尔多夫机场","","DEU","德国","Germany","1"
"ZD36258","不来梅哈芬","DEU2329","Norden","不来梅机场","/","DEU","德国","Germany","1"
"ZD76817","柏林","DEUBE","Berlin","柏林-勃兰登堡国际机场","/","DEU","德国","Germany","1"
"ZD07354","奥尔堡","DNK2588","Aalborg","奥尔堡机场","/","DNK","丹麦","Denmark","1"
"ZD18886","哈博罗内","BWAMS","","塞雷茨·哈马爵士国际机场","/","BWA","博茨瓦纳","Botswana","1"
"ZD22591","卡萨内","BWADM","","卡萨内机场","/","BWA","博茨瓦纳","Botswana","1"
"ZD47647","圣克鲁斯","BOLWM","","维鲁维鲁国际机场","/","BOL","玻利维亚","Bolivia","1"
"ZD58601","拉巴斯","BOLWMB","","拉巴斯曼努埃尔马奎斯德列昂国际机场","/","BOL","玻利维亚","Bolivia","1"
"ZD04141","拉巴斯","BOLWMB","","拉巴斯机场","/","BOL","玻利维亚","Bolivia","1"
"ZD55626","科恰班巴","BOLUE","","科恰班巴机场","/","BOL","玻利维亚","Bolivia","1"
"ZD20098","卢布林","POL6829","Lublin","卢布林斯威德尼克机场","/","POL","波兰","Poland","1"
"ZD03166","克拉科夫","POLKRK","Krakow","克拉科夫国际机场","","POL","波兰","Poland","1"
"ZD51855","卡托维兹","POL6592","Katowice","卡托维兹机场","/","POL","波兰","Poland","1"
"ZD03933","格但斯克","POL6808","Gdansk","格但斯克机场","/","POL","波兰","Poland","1"
"ZD31034","弗罗茨瓦夫","POL6686","Wrocław","弗罗茨瓦夫机场","/","POL","波兰","Poland","1"
"ZD67882","波兹南","POL6715","Poznan","波兹南机场","/","POL","波兰","Poland","1"
"ZD18944","华沙","POLWAW","Warsaw","华沙萧邦机场","","POL","波兰","Poland","1"
"ZD23295","萨拉热窝","BIHEY","","萨拉热窝机场","/","BIH","波黑","Bosnia and Herzegovina","1"
"ZD03090","圣胡安","PRIXV","","路易斯·穆尼奥斯·马林国际机场","/","PRI","波多黎各","Puerto Rico","1"
"ZD22377","克诺克－海斯特","BEL0309","Knokke-Heist","韦斯特佩勒机场","/","BEL","比利时","Belgium","1"
"ZD69165","科托努","BENGY","","科托努卡杰抗机场","/","BEN","贝宁","Benin","1"
"ZD22085","索非亚","BGRSOF","","索非亚机场","/","BGR","保加利亚","","1"
"ZD90975","圣乔治","BMUHV","","圣乔治机场","/","BMU","百慕大","Bermuda","1"
"ZD80545","圣乔治","BMUHV","","波因特萨林机场","/","BMU","百慕大","Bermuda","1"
"ZD45811","明斯克","BLRUZ","","明斯克国际机场","/","BLR","白俄罗斯","Belarus","1"
"ZD57816","乌贝兰迪亚","BRA0873","Uberlândia","乌贝兰迪亚机场","/","BRA","巴西","Brazil","1"
"ZD90464","维多利亚","BRA1085","Victoria","维多利亚机场","/","BRA","巴西","Brazil","1"
"ZD65538","沙佩科","BRA0479","Chapecó","沙佩科机场","/","BRA","巴西","Brazil","1"
"ZD50169","萨尔瓦多","BRA1188","Salvador-Brazil","萨尔瓦多国际机场","/","BRA","巴西","Brazil","1"
"ZD51796","若因维利","BRA0560","Joinville","若因维利机场","/","BRA","巴西","Brazil","1"
"ZD92860","若昂佩索阿","BRA1344","João Pessoa","若昂佩索阿卡斯特罗平托国际机场","/","BRA","巴西","Brazil","1"
"ZD37751","伊塔雅伊","BRA0542","Itajaí","纳维根特斯机场","/","BRA","巴西","Brazil","1"
"ZD97790","马瑙斯","BRA0942","Manaus","玛瑙斯机场","/","BRA","巴西","Brazil","1"
"ZD25315","马塞约","BRA1266","Maceió","马塞约松比·德斯帕尔马雷斯国际机场","/","BRA","巴西","Brazil","1"
"ZD31834","隆德里纳","BRA0520","Londrina","隆德里纳机场","/","BRA","巴西","Brazil","1"
"ZD29497","里约热内卢","BRARJ","Rio de Janeiro","圣杜蒙特机场","","BRA","巴西","Brazil","1"
"ZD33732","里贝朗普雷图","BRA0828","Ribeirão Preto","里贝朗普雷图机场","/","BRA","巴西","Brazil","1"
"ZD87725","累西腓","BRA1334","Recife","累西腓机场","/","BRA","巴西","Brazil","1"
"ZD85875","库亚巴","BRA0896","Cuiaba","库亚巴机场","/","BRA","巴西","Brazil","1"
"ZD49310","库里蒂巴努斯","BRA0525","Curitibanos","库里蒂巴机场","/","BRA","巴西","Brazil","1"
"ZD19965","坎皮纳斯","BRA0671","Campinas","坎皮纳斯机场","/","BRA","巴西","Brazil","1"
"ZD62265","戈亚尼亚","BRA0904","Goiania","戈亚尼亚机场","/","BRA","巴西","Brazil","1"
"ZD46159","福塔雷萨","BRA1427","Fortaleza","福塔莱萨机场","/","BRA","巴西","Brazil","1"
"ZD09755","大坎普市","BRA0725","Campo Grande","大坎普国际机场","/","BRA","巴西","Brazil","1"
"ZD31348","贝洛奥里藏特","BRA1054","Belo Horizonte","贝洛奥里藏特机场","/","BRA","巴西","Brazil","1"
"ZD27282","贝伦","BRA0974","Belem","贝伦机场","/","BRA","巴西","Brazil","1"
"ZD62857","巴西利亚","BRA0914","Brasilia","巴西利亚国际机场","/","BRA","巴西","Brazil","1"
"ZD86365","阿雷格里港","BRA0424","Porto Alegre","阿雷格里港机场","/","BRA","巴西","Brazil","1"
"ZD99772","巴拿马城","PANXW","","托库门国际机场","/","PAN","巴拿马","Panama","1"
"ZD17080","亚松森","PRYMO","","亚松森机场","/","PRY","巴拉圭","Paraguay","1"
"ZD57031","卡拉奇","PAKQI","","真纳国际机场","/","PAK","巴基斯坦","Pakistan","1"
"ZD18313","木尔坦","PAKWF","","木尔坦机场","/","PAK","巴基斯坦","Pakistan","1"
"ZD79369","伊斯兰堡","PAKYC","","贝娜齐尔·布托国际机场","/","PAK","巴基斯坦","Pakistan","1"
"ZD00311","白沙瓦","PAKSU","","白沙瓦机场","/","PAK","巴基斯坦","Pakistan","1"
"ZD41519","拉合尔","PAKJD","","阿拉马·伊克巴勒国际机场","/","PAK","巴基斯坦","Pakistan","1"
"ZD02139","拿骚","BHSWA","","拿骚国际机场","/","BHS","巴哈马","Bahamas","1"
"ZD07919","马什港","BHSMW","","马什港国际机场","/","BHS","巴哈马","Bahamas","1"
"ZD66227","布里奇顿","BRBAJ","","布里奇敦国际机场","/","BRB","巴巴多斯","Barbados","1"
"ZD52981","汤斯维尔","AU0222","Townsville","汤斯维尔机场","/","AU","澳大利亚","Australia","1"
"ZD71731","珀斯","AUSPER","Perth","珀斯机场","","AU","澳大利亚","Australia","1"
"ZD54353","堪培拉","AUSCBR","Canberra","堪培拉机场","","AU","澳大利亚","Australia","1"
"ZD59418","黄金海岸","AUSOOL","Gold Coast","黄金海岸机场","","AU","澳大利亚","Australia","1"
"ZD79085","因斯布鲁克","AUT0106","Innsbruck","因斯布鲁克机场","/","AUT","奥地利","Austria","1"
"ZD04161","维也纳","AUTVDD","Vienna","维也纳国际机场","","AUT","奥地利","Austria","1"
"ZD07054","萨尔茨堡","AUT0111","Salzburg","萨尔茨堡机场","/","AUT","奥地利","Austria","1"
"ZD87580","林茨","AUT0124","Linz","林莰机场","/","AUT","奥地利","Austria","1"
"ZD61350","格拉茨","AUT0114","Graz","格拉茨机场","/","AUT","奥地利","Austria","1"
"ZD24008","安提瓜","ATGWO","","维尔伯德国际机场","/","ATG","安提瓜和巴布达","Antigua and Barbuda","1"
"ZD90234","罗安达","AGOCC","","夸德罗安达国际机场","/","AGO","安哥拉","Angola","1"
"ZD85603","塔林","ESTKP","","伦纳特·梅里塔林机场","/","EST","爱沙尼亚","Estonia","1"
"ZD25726","科克","IRL4336","Cork","科克机场","/","IRL","爱尔兰","Ireland","1"
"ZD94816","都柏林","IRLDB","Dublin","都柏林国际机场","","IRL","爱尔兰","Ireland","1"
"ZD48496","亚的斯亚贝巴（埃塞俄比亚首都","ETH9735","Addis Ababa","博莱国际机场","/","ETH","埃塞俄比亚","Ethiopia","1"
"ZD03778","开罗","EGYCAI","Cairo","开罗国际机场","/","EGY","埃及","Egypt","1"
"ZD02919","巴库","AZEVX","","达尔·阿利耶夫国际机场","/","AZE","阿塞拜疆","Azerbaijan","1"
"ZD74156","塞拉莱","OMNTM","","塞拉莱国际机场","/","OMN","阿曼","Oman","1"
"ZD40846","马斯喀特","OMNFN","","马斯喀特国际机场","/","OMN","阿曼","Oman","1"
"ZD86996","达克姆","OMNLD","","达克姆国际机场","/","OMN","阿曼","Oman","1"
"ZD50329","奥拉涅斯塔德","ABWTL","","奥拉涅斯塔德雷纳比特丽克斯国际机场","/","ABW","阿鲁巴岛","Aruba","1"
"ZD77792","阿布扎比","AREAZ","Abu Dhabi","阿布扎比国际机场","","ARE","阿联酋","United Arab Emirates","1"
"ZD74881","罗萨里奥","ARG0069","Rosario","伊斯拉斯·马尔维纳斯机场","/","ARG","阿根廷","Argentina","1"
"ZD09139","伊瓜苏港","ARG0101","Puerto Iguazú","伊瓜苏机场","/","ARG","阿根廷","Argentina","1"
"ZD44611","圣卡洛斯－德巴里洛切","ARG0012","San Carlos de Bariloche","圣卡洛斯德巴里洛切机场","/","ARG","阿根廷","Argentina","1"
"ZD72090","门多萨","ARG0020","Mendoza","门多萨机场","/","ARG","阿根廷","Argentina","1"
"ZD89906","科尔多瓦","ARG0062","Córdoba","麦德林何塞·玛丽亚·科尔多瓦国际机场","/","ARG","阿根廷","Argentina","1"
"ZD93862","里瓦达维亚准将城","ARG0008","Comodoro Rivadavia","里瓦达维亚海军准将城莫斯科尼将军机场","/","ARG","阿根廷","Argentina","1"
"ZD08351","布宜诺斯艾利斯","ARGBUE","Buenos Aires","布宜诺斯艾利斯埃塞萨国际机场","","ARG","阿根廷","Argentina","1"
"ZD71265","地拉那","ALBTR","Tirana","地拉那特蕾莎修女国际机场","/","ALB","阿尔巴尼亚","Albania","1"
"ZD22326","都灵","ITA5457","Turin","都灵机场","/","ITA","意大利","Italy","1"
"ZD99525","比萨","ITA5129","Pisa","比萨机场","/","ITA","意大利","Italy","1"
"ZD84515","贝加莫","ITA5523","Bergamo","贝加莫机场","/","ITA","意大利","Italy","1"
"ZD28313","奥尔比亚","ITA5092","Olbia","奥尔比亚机场","/","ITA","意大利","Italy","1"
"ZD61953","特拉维夫","ISRTLV","","特拉维夫本古里安机场","/","ISR","以色列","","1"
"ZD60314","巴格达","IRQCN","","巴格达国际机场","/","IRQ","伊拉克","Iraq","1"
"ZD25417","埃里温","ARMDN","","兹瓦尔特诺茨国际机场","/","ARM","亚美尼亚","Armenia","1"
"ZD46080","蒙特哥贝","JAMBD","","桑斯特国际机场","/","JAM","牙买加","Jamaica","1"
"ZD97268","金斯敦","JAMGI","","诺曼曼利机场","/","JAM","牙买加","Jamaica","1"
"ZD26788","科赖斯特切奇","NZL6295","Christchurch","科赖斯特彻奇国际机场","/","NZL","新西兰","New Zealand","1"
"ZD60316","奥克兰","NZLAUK","Auckland","奥克兰国际机场","/","NZL","新西兰","New Zealand","1"
"ZD77940","奥克兰","NZLAUK","Auckland","奥克兰国际机场","","NZL","新西兰","New Zealand","1"
"ZD67183","伊拉克利翁","GRC4139","Heraklion","伊拉克里翁机场","/","GRC","希腊","Greece","1"
"ZD36808","雅典","GRCATH","Athens","雅典国际机场","","GRC","希腊","Greece","1"
"ZD24623","伊比沙","ESP2943","Dénia","伊比沙岛机场","/","ESP","西班牙","Spain","1"
"ZD93155","格拉纳迪利亚德亚沃纳","ESP2594","Granadilla de Abona","特内里费南机场","/","ESP","西班牙","Spain","1"
"ZD16251","塞维利亚","ESP2651","Alcalá de Guadaira","塞维利亚机场","/","ESP","西班牙","Spain","1"
"ZD23789","帕尔马","ESP2950","Amposta","马洛卡岛帕尔马机场","/","ESP","西班牙","Spain","1"
"ZD76983","马拉加","ESP2683","Alhaurín de la Torre","马拉加机场","/","ESP","西班牙","Spain","1"
"ZD85561","马德里","ESPMAD","Madrid","马德里巴拉哈斯机场","","ESP","西班牙","Spain","1"
"ZD87085","拉科鲁尼亚","ESP2814","Cambre","拉科鲁尼亚机场","/","ESP","西班牙","Spain","1"
"ZD72635","拉斯帕尔马斯-大加那利","ESP2604","Las Palmas de Gran Canaria","大加那利岛机场","/","ESP","西班牙","Spain","1"
"ZD11056","毕尔巴鄂","ESP2919","Portugalete","毕尔巴鄂机场","/","ESP","西班牙","Spain","1"
"ZD06758","圣克鲁斯-德特内里费","ESP2614","Tenerife","北特内里费机场","/","ESP","西班牙","Spain","1"
"ZD73272","巴塞罗那","ESPBCN","Barcelona","安普拉特机场","","ESP","西班牙","Spain","1"
"ZD57188","阿利坎特","ESP2773","Elche","阿里坎特机场","/","ESP","西班牙","Spain","1"
"ZD67761","马尔多纳多","URYXX","","马尔多纳多机场","/","URY","乌拉圭","Uruguay","1"
"ZD33252","蒙德维的纳","URYED","","卡拉斯科国际机场","/","URY","乌拉圭","Uruguay","1"
"ZD30776","恩德培市/坎帕拉","UGAJI","","恩德培市国际机场","/","UGA","乌干达","Uganda","1"
"ZD40655","斯里巴加湾市","BRNLH","","文莱国际机场","/","BRN","文莱","Brunei","1"
"ZD41200","加拉加斯","VENHM","","迈克蒂亚西蒙·玻利瓦尔国际机场","/","VEN","委内瑞拉","Venezuela","1"
"ZD76752","危地马拉城","GTMYB","","拉奥罗拉国际机场","/","GTM","危地马拉","Guatemala","1"
"ZD70901","维拉港","VUTZY","","维拉港机场","/","VUT","瓦努阿图","Vanuatu","1"
"ZD38067","伊斯坦布尔","TURIST","","格克琴国际机场","","TUR","土耳其","Turkey","1"
"ZD65963","清化","VNMUNU","Thanh Hóa","清化机场","/","VNM","越南","Vietnam","1"
"ZD40162","富国岛","VNMOTF","Phú Quốc Island","富国岛机场","/","VNM","越南","Vietnam","1"
"ZD56425","达拉","VNMIOW","Đà Lạt","大叻就机场","/","VNM","越南","Vietnam","1"
"ZD89013","波来古","VNMQWX","Pleiku","波来古机场","/","VNM","越南","Vietnam","1"
"ZD65189","邦美蜀","VNMPWJ","Buôn Ma Thuột","邦美蜀机场","/","VNM","越南","Vietnam","1"
"ZD66063","英国属地曼岛","GBRQQM","Isle of Man (a British Crown Dependency)","英国属地曼岛机场","/","GBR","英国","United Kingdom","1"
"ZD82138","亚伯丁","GBRPCT","Aberdeen","亚伯丁国际机场","/","GBR","英国","United Kingdom","1"
"ZD49962","邵森德","GBRUFB","Southend","邵森德机场","/","GBR","英国","United Kingdom","1"
"ZD05736","诺威奇","GBRDVR","Norwich","诺威奇国际机场","/","GBR","英国","United Kingdom","1"
"ZD65367","亨伯赛德","GBRLYK","Humberside","亨伯赛德郡机场","/","GBR","英国","United Kingdom","1"
"ZD01775","蒂赛德","GBRYIQ","Teeside","蒂赛德机场","/","GBR","英国","United Kingdom","1"
"ZD53111","占碑","IDNMIX","Jambi","占碑机场","/","IDN","印度尼西亚","The Republic of Indonesia","1"
"ZD03553","乌戎潘当","IDNFQM","Makassar","乌戎潘当机场","/","IDN","印度尼西亚","The Republic of Indonesia","1"
"ZD90206","塔纳格罗戈","IDNLNZ","Tanah Grogot","塔纳格罗戈机场","/","IDN","印度尼西亚","The Republic of Indonesia","1"
"ZD61562","巴淡岛","IDNJMV","Batam Island","汉纳丁国际机场","/","IDN","印度尼西亚","The Republic of Indonesia","1"
"ZD87041","打拉根","IDNGGY","Tarakan","打拉根机场","/","IDN","印度尼西亚","The Republic of Indonesia","1"
"ZD67675","马辰(班贾尔马辛)","IDNGMI","Banjarbaru","班加曼森机场","/","IDN","印度尼西亚","The Republic of Indonesia","1"
"ZD30399","瓦拉纳西","INDDVQ","Varanasi","瓦拉纳西","/","IND","印度","India","1"
"ZD29747","台拉登","INDTHX","Dehradun","台拉登机场","/","IND","印度","India","1"
"ZD85460","斯加那加","INDIPC","Srinagar","斯利那加机场","/","IND","印度","India","1"
"ZD91698","果阿邦","INDEUU","Goa","果阿邦","/","IND","印度","India","1"
"ZD70558","科钦","INDLFM","Kochi","科钦机场","/","IND","印度","India","1"
"ZD23361","坎努尔","INDXYW","Kannur","坎努尔国际机场机场","/","IND","印度","India","1"
"ZD11205","卡利卡特","INDYWI","Kozhikode","卡利卡特机场","/","IND","印度","India","1"
"ZD47807","阿拉哈巴德","INDSAJ","Prayagraj","安拉阿巴德机场","/","IND","印度","India","1"
"ZD91922","的里雅斯特","ITALJM","Trieste","的里雅斯特机场","/","ITA","意大利","Italy","1"
"ZD29171","塞萨洛尼基","GRCNQY","Thessaloniki","塞萨洛尼基机场","/","GRC","希腊","Greece","1"
"ZD01500","米科诺斯","GRCIWE","Mykonos","米科诺斯机场","/","GRC","希腊","Greece","1"
"ZD78409","科孚岛","GRCFEG","Corfu","科孚岛机场","/","GRC","希腊","Greece","1"
"ZD85420","马翁","ESPIDE","Mahon","梅诺卡岛机场","/","ESP","西班牙","Spain","1"
"ZD00506","富埃特文图拉","ESPUKG","Fuerteventura","富埃特文图拉机场","/","ESP","西班牙","Spain","1"
"ZD70536","维哥","ESPVMP","Vigo","比戈机场","/","ESP","西班牙","Spain","1"
"ZD79307","瓦伦西亚","ESPKTC","Valencia","巴伦西亚机场","/","ESP","西班牙","Spain","1"
"ZD73360","兰萨罗特","ESPZWW","Lanzarote","阿雷西费兰萨罗特机场","/","ESP","西班牙","Spain","1"
"ZD50418","阁沙梅岛","THABUR","Koh Samui","苏梅岛国际机场","/","THA","泰国","Thailand","1"
"ZD29652","科希策","SVKTYI","Košice","科希策国际机场","/","SVK","斯洛伐克","The Slovak Republic","1"
"ZD85208","朱夫地区","SAUVGH","Al-Jawf Region","朱夫地区机场","/","SAU","沙特阿拉伯","Saudi Arabia","1"
"ZD05083","延布","SAULSF","Yanbu","延布机场","/","SAU","沙特阿拉伯","Saudi Arabia","1"
"ZD14818","塔伊夫","SAUAWV","Taif","塔伊夫机场","/","SAU","沙特阿拉伯","Saudi Arabia","1"
"ZD10901","泰布克","SAUSYE","Tabuk","塔布克机场","/","SAU","沙特阿拉伯","Saudi Arabia","1"
"ZD73464","内奇兰","SAUTNY","Najran","内奇兰机场","/","SAU","沙特阿拉伯","Saudi Arabia","1"
"ZD26481","麦地那","SAUCSD","Medina","麦地那机场","/","SAU","沙特阿拉伯","Saudi Arabia","1"
"ZD73655","卡西姆","SAUNRC","Qasim","卡西姆机场","/","SAU","沙特阿拉伯","Saudi Arabia","1"
"ZD06053","吉赞","SAUIFX","Jizan","吉赞机场","/","SAU","沙特阿拉伯","Saudi Arabia","1"
"ZD49273","哈伊勒","SAULZU","Hail","哈伊勒市机场","/","SAU","沙特阿拉伯","Saudi Arabia","1"
"ZD47419","古拉亚特","SAUTIL","Gurayat","古拉亚特机场","/","SAU","沙特阿拉伯","Saudi Arabia","1"
"ZD26857","杜瓦达米","SAUUYS","Douala","杜瓦达米机场","/","SAU","沙特阿拉伯","Saudi Arabia","1"
"ZD75151","代瓦西尔干河","SAUEHF","Wadi ad-Dawasir","代瓦西尔干河机场","/","SAU","沙特阿拉伯","Saudi Arabia","1"
"ZD55016","比沙","SAUKZZ","Bisha","比沙机场","/","SAU","沙特阿拉伯","Saudi Arabia","1"
"ZD42305","海米斯穆谢特","SAULEV","Khamis Mushait","艾卜哈支线机场","/","SAU","沙特阿拉伯","Saudi Arabia","1"
"ZD73308","阿莱亚","SAUNDM","Alaia","阿莱亚机场","/","SAU","沙特阿拉伯","Saudi Arabia","1"
"ZD44052","林雪平","SWE7621","Linköping","林雪平机场","/","SWE","瑞典","Sweden","1"
"ZD72645","法罗","PRTNQY","Faro","法罗机场","/","PRT","葡萄牙","Portugal","1"
"ZD80552","兰塞利亚","ZAFLQC","Lanselia","兰塞利亚机场","/","ZAF","南非","South Africa","1"
"ZD45381","瓦图尔科","MEX5998","Huatulco","瓦图尔科机场","/","MEXCONUTRY","墨西哥","Mexico","1"
"ZD22005","洛斯卡沃斯","MEX5997","Los Cabos","圣约瑟卡博机场","/","MEXCONUTRY","墨西哥","Mexico","1"
"ZD98151","科苏梅尔","MEX5999","Cozumel","科苏梅尔机场","/","MEXCONUTRY","墨西哥","Mexico","1"
"ZD73105","华雷斯城","MEX6000","Ciudad Juárez","华雷斯城机场","/","MEXCONUTRY","墨西哥","Mexico","1"
"ZD85933","西劳","MEX6001","Xilao","德尔巴希奥国际机场","/","MEXCONUTRY","墨西哥","Mexico","1"
"ZD55427","纳什维尔","USABNA","Nashville","那什维尔国际机场","/","USA","美国","United States","1"
"ZD73887","克鲁日","ROUSEP","Cluj-Napoca","克鲁日国际机场","/","ROU","罗马尼亚","Romania","1"
"ZD56118","蒂米什瓦拉","ROURZW","Timișoara","蒂米什瓦拉机场","/","ROU","罗马尼亚","Romania","1"
"ZD21872","蒙巴萨","KENBJL","Mombasa","莫伊国际机场","/","KEN","肯尼亚","Kenya","1"
"ZD02198","萨达尔","HRVCTP","Croatia","萨达尔机场","/","HRV","克罗地亚","Croatia","1"
"ZD52874","俄斯特拉发","CZEYQR","Ostrava","俄斯特拉发机场","/","CZE","捷克","The Czech Republic","1"
"ZD13949","布尔诺","CZEWNU","Brno","布尔诺机场","/","CZE","捷克","The Czech Republic","1"
"ZD30050","亚美尼亚城","COLCDW","Armenian","亚美尼亚城机场","/","COL","哥伦比亚","Colombia","1"
"ZD70132","圣玛尔塔","COLKUE","Santa Marta","西蒙·玻利瓦尔国际机场","/","COL","哥伦比亚","Colombia","1"
"ZD65148","圣安德烈斯","COLEWX","San Andrés","圣安德烈斯岛机场","/","COL","哥伦比亚","Colombia","1"
"ZD74009","蒙特里亚","COLPMD","Montería","蒙特里亚机场","/","COL","哥伦比亚","Colombia","1"
"ZD58338","佩雷拉","COLWLP","Pereira","马特卡纳机场","/","COL","哥伦比亚","Colombia","1"
"ZD34685","库库塔","COLRTR","Cúcuta","卡米洛·达萨国际机场","/","COL","哥伦比亚","Colombia","1"
"ZD84312","巴耶杜帕尔","COLLZO","Valledupar","巴耶杜帕尔机场","/","COL","哥伦比亚","Colombia","1"
"ZD71296","巴兰卡韦美哈","COLQSN","Barrancabermeja","巴兰卡韦美哈巴机场","/","COL","哥伦比亚","Colombia","1"
"ZD11343","马巴拉卡特","PHLJDU","Mabalacat","克拉克国际机场","/","PHL","菲律宾","Philippines","1"
"ZD73576","公主港","PHLBJR","Puerto Princesa","公主港机场","/","PHL","菲律宾","Philippines","1"
"ZD81124","比隆德","DNKNWS","Billund","比隆德机场","/","DNK","丹麦","Denmark","1"
"ZD07298","沙勒罗瓦","BELCFV","Charleroi","布鲁塞尔南机场","/","BEL","比利时","Belgium","1"
"ZD90704","瓦尔纳","BGRWLJ","Varna","瓦尔纳机场","/","BGR","保加利亚","The Republic of Bulgaria","1"
"ZD07394","布尔加斯","BGRVFS","Burgas","布尔加斯机场","/","BGR","保加利亚","The Republic of Bulgaria","1"
"ZD90408","福斯杜伊瓜苏","BRAOQP","Foz do Iguaçu","福斯杜伊瓜苏机场","/","BRA","巴西","Brazil","1"
"ZD67125","佛洛莉亚诺波里斯","BRADAC","Florianópolis","佛洛莉亚诺波里斯机场","/","BRA","巴西","Brazil","1"
"ZD75156","善农","IRLGVR","Shannon","善农机场","/","IRL","爱尔兰","Ireland","1"
"ZD98453","诺克","IRLQJB","Nock","诺克机场","/","IRL","爱尔兰","Ireland","1"
"ZD93007","纳斯拉尼角","EGYTMN","Ras Nasrani","沙姆沙伊赫国际机场","/","EGY","埃及","Egypt","1"
"ZD55507","马萨阿拉姆","EGYNZL","Marsa Alam","马萨阿拉姆国际机场","/","EGY","埃及","Egypt","1"
"ZD21606","赫嘎达","EGYJEJ","Hegada","古尔代盖国际机场","/","EGY","埃及","Egypt","1"
"ZD66682","亚历山大","EGYAMI","Alexandria","阿尔阿比机场","/","EGY","埃及","Egypt","1"
"ZD51238","沙迦","ARECDP","Sharjah","沙迦国际机场","/","ARE","阿联酋","The United Arab Emirates","1"
"ZD55650","归仁市","VNM9669","Qui Nhon","茱莱机场","/","VNM","越南","Vietnam","1"
"ZD71139","岘港","VNM9670","Da Nang","岘港国际机场","/","VNM","越南","Vietnam","1"
"ZD72209","顺化","VNM9671","Hue","顺化机场","/","VNM","越南","Vietnam","1"
"ZD09411","荣市","VNM9674","Vinh","荣市机场","/","VNM","越南","Vietnam","1"
"ZD43771","芹苴市","VNM9663","Can Tho","芹苴机场","/","VNM","越南","Vietnam","1"
"ZD57384","芽庄","VNM9667","Nha Trang","金兰国际机场","/","VNM","越南","Vietnam","1"
"ZD08767","胡志明市","VNM9664","Ho Chi Minh","胡志明新山一国际机场","/","VNM","越南","Vietnam","1"
"ZD87431","河内","VNMHI","Hanoi","内排国际机场","","VNM","越南","Vietnam","1"
"ZD31595","海防","VNM9678","Haiphong","海防吉碑国际机场","/","VNM","越南","Vietnam","1"
"ZD60935","归仁市","VNM9669","Qui Nhon","归仁机场","/","VNM","越南","Vietnam","1"
"ZD16535","同 海 市","VNM9673","Dong Hoi","洞海机场","/","VNM","越南","Vietnam","1"
"ZD81000","奠边府","VNM9675","Dien Bien Phu","奠边府机场","/","VNM","越南","Vietnam","1"
"ZD59544","亚喀巴","JORBF","","侯赛因国王国际机场","/","JOR","约旦","Jordan","1"
"ZD65006","安曼","JORGO","","阿勒娅王后国际机场","/","JOR","约旦","Jordan","1"
"ZD30767","泗水","IDN4313","Surabaya","朱安达国际机场","/","IDN","印度尼西亚","The Republic of Indonesia","1"
"ZD59059","巴厘","IDN4299","Bali","登巴萨国际机场","Ngurah Rai International Airport","IDN","印度尼西亚","The Republic of Indonesia","1"
"ZD29140","万鸦老","IDN4335","Manado","万鸦老(美娜多)国际机场","/","IDN","印度尼西亚","The Republic of Indonesia","1"
"ZD65933","梭罗市","IDN4296","Surakarta","梭罗机场","/","IDN","印度尼西亚","The Republic of Indonesia","1"
"ZD75376","三宝珑","IDN4301","Semarang","三堡垄机场","/","IDN","印度尼西亚","The Republic of Indonesia","1"
"ZD85998","日惹","IDN4291","Yogyakarta","日惹国际机场","/","IDN","印度尼西亚","The Republic of Indonesia","1"
"ZD37697","坤甸","IDN4304","Pontianak","坤甸机场","/","IDN","印度尼西亚","The Republic of Indonesia","1"
"ZD33570","雅加达","IDNJK","Jakarta","哈利姆·珀达纳库苏马国际机场","/","IDN","印度尼西亚","Indonesia","1"
"ZD77673","北干巴鲁","IDN4332","Pekanbaru","北干巴鲁机场","/","IDN","印度尼西亚","The Republic of Indonesia","1"
"ZD33140","马塔兰","IDN4310","Mataram","班达拉国际龙目岛机场","/","IDN","印度尼西亚","The Republic of Indonesia","1"
"ZD94393","巨港","IDN4303","Palembang","巴邻旁国际机场","/","IDN","印度尼西亚","The Republic of Indonesia","1"
"ZD27403","安汶","IDN4325","Ambon","安汶机场","/","IDN","印度尼西亚","The Republic of Indonesia","1"
"ZD74193","古邦","IDN4315","Kupang","埃尔塔里机场","/","IDN","印度尼西亚","The Republic of Indonesia","1"
"ZD03682","印多尔","IND4691","Pithampur","印多尔机场","/","IND","印度","India","1"
"ZD68039","维萨卡帕特南","IND4623","Visakhapatnam","维萨卡帕特南机场","/","IND","印度","India","1"
"ZD75195","特里凡得琅","IND4359","Thiruvananthapuram","特里凡得琅国际机场","/","IND","印度","India","1"
"ZD72456","孟买","IND4493","Mumbai","孟买贾特拉帕蒂·希瓦吉国际机场","/","IND","印度","India","1"
"ZD54872","马杜赖","IND4391","Madurai","马杜赖机场","/","IND","印度","India","1"
"ZD17168","加尔各答","IND4965","Ramjibanpur","加尔各答国际机场","/","IND","印度","India","1"
"ZD33616","古瓦哈提","IND5067","Guwahati","古瓦哈蒂机场","/","IND","印度","India","1"
"ZD86678","哥印拜陀","IND4381","Coimbatore","哥印拜陀机场","/","IND","印度","India","1"
"ZD03032","迪布鲁格尔","IND5077","Dibrugarh","迪布鲁格尔机场","/","IND","印度","India","1"
"ZD81370","布巴内斯瓦尔","IND4659","Pipili","布巴内斯瓦尔机场","/","IND","印度","India","1"
"ZD08730","博帕尔","IND4711","Sohagpur","博帕尔机场","/","IND","印度","India","1"